id,degree,grnprice,grnmoney
6,high school,very unwilling,"no, i have not"
7,bachelor's,neither willing nor unwilling,"no, i have not"
8,high school,fairly willing,"yes, i have"
9,graduate,fairly unwilling,"no, i have not"
13,less than high school,very unwilling,"no, i have not"
16,high school,fairly willing,"no, i have not"
17,graduate,fairly willing,"yes, i have"
23,graduate,fairly willing,"yes, i have"
25,bachelor's,fairly willing,"no, i have not"
28,associate/junior college,fairly willing,"yes, i have"
31,graduate,fairly willing,"no, i have not"
32,high school,fairly willing,"yes, i have"
36,graduate,fairly unwilling,"yes, i have"
37,bachelor's,neither willing nor unwilling,"no, i have not"
38,graduate,fairly willing,"no, i have not"
43,high school,fairly willing,"no, i have not"
46,bachelor's,fairly willing,"no, i have not"
51,bachelor's,fairly unwilling,"no, i have not"
54,graduate,fairly willing,"no, i have not"
60,bachelor's,fairly willing,"yes, i have"
62,bachelor's,neither willing nor unwilling,"no, i have not"
67,bachelor's,very unwilling,"no, i have not"
69,associate/junior college,neither willing nor unwilling,"yes, i have"
71,bachelor's,neither willing nor unwilling,"yes, i have"
77,bachelor's,fairly willing,"no, i have not"
79,high school,fairly willing,"no, i have not"
82,high school,fairly willing,"no, i have not"
83,high school,neither willing nor unwilling,"no, i have not"
84,graduate,very unwilling,"no, i have not"
88,bachelor's,fairly willing,"no, i have not"
92,bachelor's,neither willing nor unwilling,"no, i have not"
94,high school,fairly willing,"yes, i have"
95,bachelor's,fairly willing,"yes, i have"
96,high school,fairly unwilling,"no, i have not"
98,high school,very unwilling,"no, i have not"
99,associate/junior college,very unwilling,"no, i have not"
101,associate/junior college,fairly unwilling,"no, i have not"
102,graduate,fairly willing,"no, i have not"
104,bachelor's,fairly unwilling,"yes, i have"
107,graduate,very unwilling,"no, i have not"
108,associate/junior college,fairly willing,"yes, i have"
111,bachelor's,neither willing nor unwilling,"no, i have not"
114,associate/junior college,neither willing nor unwilling,"no, i have not"
117,graduate,fairly willing,"no, i have not"
118,graduate,fairly willing,"no, i have not"
120,bachelor's,fairly unwilling,"no, i have not"
121,graduate,fairly willing,"yes, i have"
123,graduate,fairly willing,"yes, i have"
124,bachelor's,fairly willing,"yes, i have"
128,high school,fairly unwilling,"no, i have not"
131,bachelor's,fairly willing,"yes, i have"
132,high school,fairly unwilling,"no, i have not"
135,bachelor's,fairly willing,"no, i have not"
138,high school,neither willing nor unwilling,"no, i have not"
142,bachelor's,fairly willing,"no, i have not"
143,graduate,fairly willing,"no, i have not"
144,graduate,neither willing nor unwilling,"no, i have not"
146,graduate,fairly willing,"yes, i have"
147,bachelor's,fairly willing,"yes, i have"
149,bachelor's,very willing,"yes, i have"
151,less than high school,fairly willing,"yes, i have"
153,associate/junior college,neither willing nor unwilling,"no, i have not"
155,graduate,fairly unwilling,"yes, i have"
158,graduate,fairly willing,"no, i have not"
159,high school,fairly willing,"no, i have not"
162,high school,neither willing nor unwilling,"yes, i have"
165,bachelor's,neither willing nor unwilling,"no, i have not"
166,graduate,fairly willing,"yes, i have"
168,high school,fairly unwilling,"no, i have not"
169,graduate,fairly willing,"yes, i have"
172,bachelor's,fairly willing,"yes, i have"
175,high school,very willing,"no, i have not"
176,bachelor's,very willing,"no, i have not"
181,bachelor's,fairly willing,"no, i have not"
184,high school,very unwilling,"no, i have not"
189,high school,very unwilling,"no, i have not"
192,high school,very unwilling,"no, i have not"
194,high school,fairly unwilling,"no, i have not"
202,high school,fairly willing,"yes, i have"
211,high school,fairly unwilling,"no, i have not"
214,high school,neither willing nor unwilling,"no, i have not"
215,bachelor's,fairly willing,"yes, i have"
216,less than high school,fairly willing,"no, i have not"
224,bachelor's,fairly willing,"no, i have not"
225,less than high school,fairly unwilling,"no, i have not"
226,associate/junior college,neither willing nor unwilling,"no, i have not"
230,high school,neither willing nor unwilling,"no, i have not"
231,graduate,fairly unwilling,"yes, i have"
232,high school,neither willing nor unwilling,"yes, i have"
235,high school,neither willing nor unwilling,"yes, i have"
236,graduate,fairly unwilling,"no, i have not"
239,graduate,fairly willing,"yes, i have"
242,bachelor's,fairly willing,"no, i have not"
244,bachelor's,neither willing nor unwilling,"yes, i have"
253,bachelor's,fairly willing,"no, i have not"
254,bachelor's,fairly willing,"yes, i have"
255,bachelor's,fairly unwilling,"no, i have not"
256,graduate,very unwilling,"no, i have not"
258,associate/junior college,fairly willing,"no, i have not"
259,graduate,very willing,"no, i have not"
261,high school,neither willing nor unwilling,"no, i have not"
265,bachelor's,fairly willing,"no, i have not"
266,high school,very unwilling,"no, i have not"
272,bachelor's,neither willing nor unwilling,"no, i have not"
273,associate/junior college,fairly willing,"no, i have not"
275,high school,neither willing nor unwilling,"yes, i have"
278,graduate,fairly unwilling,"no, i have not"
279,graduate,fairly unwilling,"no, i have not"
284,bachelor's,fairly willing,"no, i have not"
285,graduate,fairly unwilling,"no, i have not"
286,high school,neither willing nor unwilling,"no, i have not"
288,graduate,fairly willing,"yes, i have"
294,bachelor's,very unwilling,"no, i have not"
296,high school,very unwilling,"yes, i have"
298,associate/junior college,neither willing nor unwilling,"no, i have not"
303,bachelor's,very willing,"no, i have not"
305,graduate,neither willing nor unwilling,"no, i have not"
309,associate/junior college,neither willing nor unwilling,"no, i have not"
312,bachelor's,neither willing nor unwilling,"no, i have not"
313,high school,fairly unwilling,"yes, i have"
314,high school,fairly unwilling,"no, i have not"
317,high school,fairly unwilling,"no, i have not"
320,bachelor's,fairly willing,"yes, i have"
321,bachelor's,fairly willing,"no, i have not"
323,bachelor's,fairly willing,"no, i have not"
324,bachelor's,fairly willing,"no, i have not"
328,bachelor's,fairly willing,"no, i have not"
330,graduate,very willing,"yes, i have"
333,high school,fairly willing,"no, i have not"
335,associate/junior college,neither willing nor unwilling,"yes, i have"
336,bachelor's,very willing,"yes, i have"
337,high school,very unwilling,"no, i have not"
338,high school,fairly willing,"no, i have not"
340,graduate,neither willing nor unwilling,"no, i have not"
341,high school,neither willing nor unwilling,"no, i have not"
342,associate/junior college,fairly willing,"yes, i have"
343,high school,fairly willing,"no, i have not"
344,bachelor's,neither willing nor unwilling,"no, i have not"
346,high school,fairly willing,"no, i have not"
348,high school,very unwilling,"no, i have not"
350,high school,fairly unwilling,"no, i have not"
353,graduate,fairly willing,"no, i have not"
354,graduate,fairly unwilling,"no, i have not"
356,bachelor's,neither willing nor unwilling,"no, i have not"
357,graduate,fairly willing,"no, i have not"
359,high school,neither willing nor unwilling,"no, i have not"
361,high school,very unwilling,"no, i have not"
368,high school,very unwilling,"no, i have not"
369,bachelor's,neither willing nor unwilling,"no, i have not"
372,bachelor's,fairly unwilling,"yes, i have"
373,high school,fairly willing,"no, i have not"
375,bachelor's,neither willing nor unwilling,"no, i have not"
379,graduate,very unwilling,"no, i have not"
383,bachelor's,fairly willing,"no, i have not"
385,graduate,fairly unwilling,"no, i have not"
387,high school,fairly willing,"no, i have not"
389,graduate,fairly unwilling,"no, i have not"
391,graduate,neither willing nor unwilling,"no, i have not"
396,high school,neither willing nor unwilling,"no, i have not"
398,associate/junior college,fairly willing,"no, i have not"
399,less than high school,fairly willing,"no, i have not"
400,high school,very unwilling,"no, i have not"
405,graduate,fairly willing,"yes, i have"
409,associate/junior college,fairly unwilling,"no, i have not"
415,bachelor's,neither willing nor unwilling,"no, i have not"
418,graduate,fairly willing,"yes, i have"
422,graduate,fairly willing,"yes, i have"
423,less than high school,fairly unwilling,"no, i have not"
427,associate/junior college,neither willing nor unwilling,"no, i have not"
433,graduate,fairly unwilling,"no, i have not"
434,graduate,fairly willing,"yes, i have"
436,high school,very unwilling,"no, i have not"
437,high school,fairly unwilling,"yes, i have"
438,less than high school,neither willing nor unwilling,"no, i have not"
441,high school,very unwilling,"no, i have not"
444,high school,fairly willing,"yes, i have"
446,bachelor's,fairly willing,"yes, i have"
447,bachelor's,neither willing nor unwilling,"no, i have not"
448,bachelor's,very willing,"yes, i have"
449,bachelor's,very unwilling,"no, i have not"
452,high school,fairly unwilling,"no, i have not"
453,graduate,very unwilling,"no, i have not"
455,less than high school,neither willing nor unwilling,"no, i have not"
456,graduate,fairly willing,"no, i have not"
457,graduate,fairly willing,"no, i have not"
458,graduate,neither willing nor unwilling,"no, i have not"
460,bachelor's,neither willing nor unwilling,"no, i have not"
461,graduate,fairly willing,"yes, i have"
463,high school,neither willing nor unwilling,"no, i have not"
464,high school,neither willing nor unwilling,"no, i have not"
468,graduate,fairly willing,"no, i have not"
469,graduate,neither willing nor unwilling,"no, i have not"
470,less than high school,fairly willing,"no, i have not"
474,graduate,fairly unwilling,"no, i have not"
477,high school,neither willing nor unwilling,"no, i have not"
480,high school,neither willing nor unwilling,"no, i have not"
482,high school,fairly unwilling,"no, i have not"
484,graduate,fairly willing,"yes, i have"
486,associate/junior college,neither willing nor unwilling,"no, i have not"
487,less than high school,neither willing nor unwilling,"yes, i have"
488,high school,very willing,"yes, i have"
492,less than high school,fairly willing,"no, i have not"
494,associate/junior college,fairly willing,"no, i have not"
496,high school,fairly unwilling,"no, i have not"
501,associate/junior college,fairly willing,"no, i have not"
504,associate/junior college,fairly unwilling,"no, i have not"
505,graduate,fairly willing,"no, i have not"
507,high school,fairly unwilling,"no, i have not"
510,bachelor's,fairly willing,"yes, i have"
511,associate/junior college,fairly unwilling,"no, i have not"
513,associate/junior college,fairly unwilling,"no, i have not"
514,graduate,neither willing nor unwilling,"no, i have not"
515,bachelor's,neither willing nor unwilling,"yes, i have"
516,graduate,fairly unwilling,"no, i have not"
517,associate/junior college,fairly willing,"yes, i have"
518,graduate,very willing,"yes, i have"
523,less than high school,neither willing nor unwilling,"no, i have not"
525,high school,neither willing nor unwilling,"yes, i have"
526,associate/junior college,neither willing nor unwilling,"no, i have not"
528,graduate,fairly willing,"no, i have not"
529,bachelor's,fairly unwilling,"no, i have not"
530,high school,fairly unwilling,"yes, i have"
531,graduate,fairly willing,"yes, i have"
536,high school,neither willing nor unwilling,"no, i have not"
537,associate/junior college,fairly willing,"no, i have not"
539,high school,neither willing nor unwilling,"no, i have not"
540,high school,very unwilling,"no, i have not"
548,associate/junior college,neither willing nor unwilling,"no, i have not"
549,less than high school,fairly willing,"no, i have not"
552,high school,neither willing nor unwilling,"no, i have not"
553,bachelor's,neither willing nor unwilling,"yes, i have"
555,bachelor's,fairly willing,"no, i have not"
559,graduate,neither willing nor unwilling,"yes, i have"
560,high school,fairly willing,"no, i have not"
562,high school,neither willing nor unwilling,"no, i have not"
564,associate/junior college,fairly unwilling,"no, i have not"
572,high school,neither willing nor unwilling,"no, i have not"
577,associate/junior college,fairly willing,"no, i have not"
581,associate/junior college,very willing,"yes, i have"
582,associate/junior college,very unwilling,"no, i have not"
586,bachelor's,fairly unwilling,"no, i have not"
588,graduate,fairly willing,"no, i have not"
591,high school,neither willing nor unwilling,"no, i have not"
593,high school,neither willing nor unwilling,"no, i have not"
595,graduate,fairly unwilling,"no, i have not"
602,high school,fairly unwilling,"no, i have not"
604,less than high school,fairly willing,"no, i have not"
610,associate/junior college,very unwilling,"no, i have not"
611,bachelor's,neither willing nor unwilling,"yes, i have"
613,high school,neither willing nor unwilling,"no, i have not"
615,associate/junior college,fairly unwilling,"no, i have not"
616,high school,very unwilling,"no, i have not"
618,associate/junior college,fairly unwilling,"no, i have not"
619,associate/junior college,fairly willing,"yes, i have"
622,less than high school,fairly unwilling,"no, i have not"
625,bachelor's,fairly unwilling,"no, i have not"
626,high school,neither willing nor unwilling,"no, i have not"
630,associate/junior college,fairly unwilling,"no, i have not"
632,high school,fairly willing,"no, i have not"
635,high school,fairly unwilling,"no, i have not"
636,graduate,neither willing nor unwilling,"no, i have not"
641,graduate,fairly willing,"yes, i have"
648,high school,very unwilling,"no, i have not"
650,high school,very unwilling,"no, i have not"
652,high school,fairly willing,"no, i have not"
653,high school,fairly unwilling,"no, i have not"
657,graduate,very unwilling,"no, i have not"
660,bachelor's,neither willing nor unwilling,"no, i have not"
661,bachelor's,neither willing nor unwilling,"no, i have not"
666,graduate,fairly willing,"yes, i have"
669,high school,fairly willing,"no, i have not"
670,high school,neither willing nor unwilling,"no, i have not"
675,associate/junior college,fairly willing,"no, i have not"
676,high school,very unwilling,"no, i have not"
678,high school,very unwilling,"no, i have not"
680,high school,fairly unwilling,"no, i have not"
682,high school,fairly unwilling,"no, i have not"
684,graduate,neither willing nor unwilling,"no, i have not"
691,associate/junior college,neither willing nor unwilling,"yes, i have"
693,bachelor's,fairly willing,"no, i have not"
694,high school,neither willing nor unwilling,"no, i have not"
697,high school,neither willing nor unwilling,"no, i have not"
700,high school,very unwilling,"no, i have not"
701,associate/junior college,neither willing nor unwilling,"no, i have not"
704,graduate,neither willing nor unwilling,"no, i have not"
705,graduate,very willing,"yes, i have"
710,high school,fairly unwilling,"no, i have not"
713,graduate,neither willing nor unwilling,"no, i have not"
714,bachelor's,neither willing nor unwilling,"no, i have not"
717,graduate,very unwilling,"no, i have not"
720,bachelor's,very willing,"yes, i have"
721,bachelor's,neither willing nor unwilling,"no, i have not"
723,graduate,very willing,"yes, i have"
724,bachelor's,fairly willing,"yes, i have"
727,bachelor's,fairly willing,"no, i have not"
729,less than high school,neither willing nor unwilling,"no, i have not"
733,bachelor's,very unwilling,"no, i have not"
734,bachelor's,fairly unwilling,"no, i have not"
735,bachelor's,fairly willing,"no, i have not"
737,high school,neither willing nor unwilling,"no, i have not"
738,high school,very willing,"no, i have not"
740,graduate,fairly willing,"yes, i have"
741,high school,neither willing nor unwilling,"no, i have not"
744,high school,fairly willing,"no, i have not"
748,associate/junior college,fairly willing,"yes, i have"
749,graduate,fairly willing,"no, i have not"
751,bachelor's,neither willing nor unwilling,"yes, i have"
752,high school,fairly unwilling,"yes, i have"
753,associate/junior college,very unwilling,"no, i have not"
755,graduate,fairly willing,"yes, i have"
756,high school,very unwilling,"no, i have not"
759,associate/junior college,fairly unwilling,"no, i have not"
761,graduate,fairly willing,"yes, i have"
764,high school,fairly willing,"yes, i have"
766,high school,very willing,"yes, i have"
768,high school,fairly willing,"yes, i have"
769,graduate,very willing,"yes, i have"
772,bachelor's,very unwilling,"no, i have not"
774,less than high school,fairly unwilling,"yes, i have"
778,high school,very unwilling,"yes, i have"
779,bachelor's,fairly willing,"no, i have not"
780,high school,neither willing nor unwilling,"yes, i have"
784,high school,fairly unwilling,"no, i have not"
785,bachelor's,fairly willing,"no, i have not"
788,graduate,fairly willing,"yes, i have"
795,high school,neither willing nor unwilling,"no, i have not"
796,bachelor's,fairly unwilling,"yes, i have"
797,graduate,fairly willing,"no, i have not"
799,bachelor's,neither willing nor unwilling,"no, i have not"
800,high school,very willing,"no, i have not"
801,bachelor's,very unwilling,"no, i have not"
803,high school,neither willing nor unwilling,"no, i have not"
804,bachelor's,fairly willing,"yes, i have"
805,bachelor's,neither willing nor unwilling,"no, i have not"
806,less than high school,neither willing nor unwilling,"no, i have not"
808,high school,neither willing nor unwilling,"no, i have not"
812,associate/junior college,neither willing nor unwilling,"no, i have not"
814,high school,fairly willing,"no, i have not"
815,bachelor's,neither willing nor unwilling,"no, i have not"
819,high school,neither willing nor unwilling,"no, i have not"
821,graduate,very willing,"yes, i have"
823,high school,neither willing nor unwilling,"no, i have not"
824,high school,neither willing nor unwilling,"no, i have not"
825,associate/junior college,fairly willing,"no, i have not"
827,high school,fairly willing,"no, i have not"
828,bachelor's,fairly willing,"no, i have not"
831,bachelor's,fairly unwilling,"no, i have not"
832,high school,fairly willing,"no, i have not"
833,high school,very unwilling,"no, i have not"
838,high school,neither willing nor unwilling,"no, i have not"
839,bachelor's,very unwilling,"no, i have not"
842,high school,fairly willing,"yes, i have"
843,bachelor's,fairly unwilling,"no, i have not"
849,high school,fairly unwilling,"no, i have not"
850,high school,very unwilling,"no, i have not"
853,high school,very willing,"yes, i have"
855,less than high school,neither willing nor unwilling,"no, i have not"
858,high school,very unwilling,"no, i have not"
859,high school,very unwilling,"no, i have not"
860,high school,very unwilling,"yes, i have"
861,high school,fairly willing,"no, i have not"
862,high school,neither willing nor unwilling,"no, i have not"
863,high school,very unwilling,"no, i have not"
866,high school,neither willing nor unwilling,"no, i have not"
871,associate/junior college,neither willing nor unwilling,"no, i have not"
873,graduate,very willing,"yes, i have"
874,high school,neither willing nor unwilling,"no, i have not"
880,associate/junior college,neither willing nor unwilling,"yes, i have"
881,graduate,fairly willing,"yes, i have"
882,graduate,fairly unwilling,"yes, i have"
884,graduate,fairly willing,"no, i have not"
892,bachelor's,fairly willing,"no, i have not"
895,high school,neither willing nor unwilling,"no, i have not"
896,graduate,fairly willing,"no, i have not"
898,graduate,fairly unwilling,"no, i have not"
902,high school,neither willing nor unwilling,"no, i have not"
904,graduate,fairly willing,"yes, i have"
905,high school,very willing,"no, i have not"
906,graduate,fairly willing,"no, i have not"
911,graduate,fairly unwilling,"no, i have not"
914,graduate,neither willing nor unwilling,"no, i have not"
916,graduate,neither willing nor unwilling,"no, i have not"
919,graduate,fairly willing,"yes, i have"
920,high school,fairly willing,"yes, i have"
921,graduate,very willing,"no, i have not"
924,less than high school,neither willing nor unwilling,"no, i have not"
926,high school,fairly willing,"no, i have not"
931,bachelor's,fairly willing,"no, i have not"
932,high school,very unwilling,"no, i have not"
934,high school,very willing,"no, i have not"
939,bachelor's,fairly willing,"yes, i have"
941,bachelor's,fairly unwilling,"no, i have not"
944,graduate,neither willing nor unwilling,"yes, i have"
946,graduate,neither willing nor unwilling,"no, i have not"
947,bachelor's,fairly willing,"yes, i have"
953,graduate,fairly unwilling,"yes, i have"
954,graduate,very willing,"yes, i have"
955,graduate,fairly willing,"no, i have not"
960,high school,neither willing nor unwilling,"no, i have not"
964,graduate,fairly willing,"no, i have not"
969,bachelor's,fairly willing,"no, i have not"
977,high school,fairly willing,"no, i have not"
982,graduate,neither willing nor unwilling,"no, i have not"
986,graduate,neither willing nor unwilling,"no, i have not"
988,bachelor's,fairly willing,"no, i have not"
991,graduate,very unwilling,"no, i have not"
992,high school,neither willing nor unwilling,"no, i have not"
993,bachelor's,neither willing nor unwilling,"yes, i have"
995,associate/junior college,neither willing nor unwilling,"yes, i have"
998,bachelor's,neither willing nor unwilling,"no, i have not"
999,bachelor's,fairly willing,"no, i have not"
1000,bachelor's,fairly unwilling,"no, i have not"
1007,less than high school,fairly willing,"no, i have not"
1008,high school,very unwilling,"no, i have not"
1011,high school,neither willing nor unwilling,"no, i have not"
1015,graduate,very unwilling,"no, i have not"
1018,bachelor's,fairly willing,"no, i have not"
1019,bachelor's,very willing,"no, i have not"
1023,bachelor's,neither willing nor unwilling,"yes, i have"
1028,less than high school,very willing,"no, i have not"
1029,high school,very willing,"no, i have not"
1030,high school,fairly willing,"no, i have not"
1039,associate/junior college,fairly willing,"yes, i have"
1043,high school,fairly willing,"no, i have not"
1044,graduate,fairly willing,"yes, i have"
1048,associate/junior college,fairly willing,"yes, i have"
1049,graduate,fairly unwilling,"no, i have not"
1050,high school,very unwilling,"no, i have not"
1052,high school,fairly willing,"yes, i have"
1055,bachelor's,fairly willing,"yes, i have"
1056,high school,fairly willing,"no, i have not"
1057,associate/junior college,fairly willing,"no, i have not"
1059,high school,neither willing nor unwilling,"no, i have not"
1061,bachelor's,fairly willing,"yes, i have"
1062,graduate,very willing,"yes, i have"
1065,graduate,fairly willing,"no, i have not"
1066,high school,neither willing nor unwilling,"no, i have not"
1068,bachelor's,fairly willing,"yes, i have"
1071,bachelor's,fairly unwilling,"no, i have not"
1072,high school,neither willing nor unwilling,"no, i have not"
1080,high school,very willing,"no, i have not"
1081,high school,fairly unwilling,"no, i have not"
1082,graduate,neither willing nor unwilling,"no, i have not"
1085,high school,fairly unwilling,"no, i have not"
1086,high school,neither willing nor unwilling,"no, i have not"
1087,high school,neither willing nor unwilling,"yes, i have"
1088,high school,neither willing nor unwilling,"no, i have not"
1090,associate/junior college,neither willing nor unwilling,"yes, i have"
1091,high school,fairly unwilling,"no, i have not"
1093,high school,fairly willing,"no, i have not"
1096,high school,neither willing nor unwilling,"no, i have not"
1100,high school,fairly willing,"no, i have not"
1102,graduate,neither willing nor unwilling,"no, i have not"
1106,high school,very unwilling,"no, i have not"
1107,high school,fairly unwilling,"no, i have not"
1108,high school,neither willing nor unwilling,"no, i have not"
1110,graduate,fairly willing,"yes, i have"
1115,graduate,fairly willing,"yes, i have"
1117,high school,fairly willing,"no, i have not"
1122,less than high school,very willing,"no, i have not"
1123,bachelor's,fairly willing,"yes, i have"
1128,bachelor's,fairly willing,"no, i have not"
1129,graduate,fairly willing,"yes, i have"
1130,graduate,fairly willing,"no, i have not"
1131,bachelor's,neither willing nor unwilling,"no, i have not"
1134,bachelor's,fairly willing,"yes, i have"
1135,graduate,very willing,"yes, i have"
1136,graduate,fairly willing,"no, i have not"
1138,bachelor's,fairly unwilling,"no, i have not"
1140,bachelor's,fairly willing,"yes, i have"
1149,high school,fairly willing,"no, i have not"
1150,less than high school,fairly willing,"no, i have not"
1151,graduate,fairly willing,"yes, i have"
1152,high school,fairly willing,"no, i have not"
1154,graduate,fairly willing,"no, i have not"
1158,bachelor's,very willing,"yes, i have"
1162,bachelor's,neither willing nor unwilling,"no, i have not"
1163,graduate,neither willing nor unwilling,"no, i have not"
1164,bachelor's,fairly unwilling,"no, i have not"
1165,graduate,fairly willing,"yes, i have"
1168,bachelor's,very unwilling,"no, i have not"
1169,high school,fairly unwilling,"no, i have not"
1172,high school,very willing,"no, i have not"
1176,graduate,fairly unwilling,"yes, i have"
1177,graduate,fairly unwilling,"no, i have not"
1178,high school,fairly willing,"no, i have not"
1181,associate/junior college,neither willing nor unwilling,"no, i have not"
1183,high school,neither willing nor unwilling,"no, i have not"
1186,bachelor's,fairly willing,"no, i have not"
1188,high school,fairly willing,"yes, i have"
1191,high school,neither willing nor unwilling,"yes, i have"
1192,high school,neither willing nor unwilling,"no, i have not"
1193,bachelor's,fairly willing,"no, i have not"
1195,bachelor's,fairly willing,"no, i have not"
1197,bachelor's,neither willing nor unwilling,"no, i have not"
1199,graduate,very willing,"yes, i have"
1200,bachelor's,neither willing nor unwilling,"no, i have not"
1201,graduate,fairly willing,"no, i have not"
1206,graduate,fairly willing,"yes, i have"
1207,graduate,fairly unwilling,"no, i have not"
1212,high school,fairly unwilling,"no, i have not"
1215,bachelor's,fairly willing,"no, i have not"
1222,high school,fairly willing,"no, i have not"
1224,graduate,neither willing nor unwilling,"no, i have not"
1228,high school,fairly unwilling,"no, i have not"
1230,bachelor's,neither willing nor unwilling,"no, i have not"
1235,high school,fairly unwilling,"no, i have not"
1236,high school,very willing,"yes, i have"
1237,associate/junior college,neither willing nor unwilling,"no, i have not"
1238,high school,neither willing nor unwilling,"no, i have not"
1244,high school,fairly unwilling,"no, i have not"
1245,high school,very unwilling,"no, i have not"
1248,less than high school,fairly willing,"yes, i have"
1250,bachelor's,fairly unwilling,"no, i have not"
1252,associate/junior college,fairly unwilling,"no, i have not"
1253,graduate,neither willing nor unwilling,"no, i have not"
1256,high school,fairly willing,"no, i have not"
1259,graduate,very willing,"yes, i have"
1260,graduate,fairly willing,"no, i have not"
1261,high school,fairly willing,"no, i have not"
1265,graduate,very unwilling,"no, i have not"
1268,graduate,fairly willing,"yes, i have"
1272,graduate,fairly willing,"no, i have not"
1273,graduate,fairly willing,"no, i have not"
1280,high school,neither willing nor unwilling,"yes, i have"
1283,bachelor's,neither willing nor unwilling,"no, i have not"
1285,graduate,fairly willing,"yes, i have"
1287,graduate,very willing,"no, i have not"
1289,graduate,neither willing nor unwilling,"no, i have not"
1290,graduate,fairly unwilling,"no, i have not"
1294,high school,fairly unwilling,"yes, i have"
1295,graduate,very willing,"yes, i have"
1297,bachelor's,fairly unwilling,"no, i have not"
1299,graduate,fairly willing,"no, i have not"
1303,bachelor's,fairly willing,"no, i have not"
1304,associate/junior college,fairly willing,"yes, i have"
1306,bachelor's,neither willing nor unwilling,"no, i have not"
1307,high school,fairly unwilling,"no, i have not"
1308,high school,fairly willing,"no, i have not"
1312,associate/junior college,very unwilling,"no, i have not"
1315,associate/junior college,fairly willing,"yes, i have"
1316,high school,neither willing nor unwilling,"yes, i have"
1317,graduate,fairly willing,"no, i have not"
1318,bachelor's,fairly willing,"no, i have not"
1319,associate/junior college,neither willing nor unwilling,"no, i have not"
1322,high school,neither willing nor unwilling,"no, i have not"
1323,bachelor's,fairly willing,"no, i have not"
1325,high school,very unwilling,"no, i have not"
1326,bachelor's,fairly unwilling,"no, i have not"
1327,high school,fairly willing,"no, i have not"
1332,graduate,fairly willing,"yes, i have"
1334,bachelor's,fairly willing,"no, i have not"
1336,bachelor's,fairly unwilling,"no, i have not"
1338,high school,neither willing nor unwilling,"no, i have not"
1339,high school,neither willing nor unwilling,"no, i have not"
1344,graduate,neither willing nor unwilling,"yes, i have"
1346,graduate,neither willing nor unwilling,"no, i have not"
1347,high school,fairly willing,"no, i have not"
1348,high school,neither willing nor unwilling,"no, i have not"
1349,associate/junior college,neither willing nor unwilling,"no, i have not"
1350,bachelor's,fairly unwilling,"no, i have not"
1357,bachelor's,very unwilling,"no, i have not"
1361,bachelor's,neither willing nor unwilling,"yes, i have"
1363,bachelor's,fairly willing,"no, i have not"
1368,high school,fairly willing,"no, i have not"
1370,graduate,neither willing nor unwilling,"yes, i have"
1371,associate/junior college,fairly unwilling,"no, i have not"
1376,graduate,very willing,"no, i have not"
1382,high school,very unwilling,"no, i have not"
1384,high school,very unwilling,"no, i have not"
1385,bachelor's,neither willing nor unwilling,"no, i have not"
1387,less than high school,fairly unwilling,"no, i have not"
1388,graduate,fairly willing,"no, i have not"
1394,less than high school,very unwilling,"no, i have not"
1398,graduate,neither willing nor unwilling,"yes, i have"
1401,bachelor's,fairly unwilling,"no, i have not"
1402,associate/junior college,fairly willing,"no, i have not"
1406,less than high school,neither willing nor unwilling,"no, i have not"
1409,associate/junior college,fairly willing,"yes, i have"
1410,associate/junior college,very unwilling,"no, i have not"
1411,high school,very unwilling,"no, i have not"
1413,high school,fairly willing,"no, i have not"
1417,high school,fairly willing,"no, i have not"
1418,bachelor's,fairly unwilling,"no, i have not"
1420,bachelor's,fairly willing,"yes, i have"
1421,associate/junior college,very unwilling,"no, i have not"
1427,bachelor's,very willing,"no, i have not"
1429,bachelor's,very unwilling,"no, i have not"
1431,bachelor's,fairly willing,"no, i have not"
1434,high school,very willing,"no, i have not"
1435,high school,fairly willing,"no, i have not"
1437,associate/junior college,fairly willing,"no, i have not"
1438,high school,neither willing nor unwilling,"no, i have not"
1442,high school,fairly willing,"no, i have not"
1447,high school,very unwilling,"no, i have not"
1448,bachelor's,fairly unwilling,"yes, i have"
1451,graduate,very willing,"yes, i have"
1453,high school,fairly willing,"no, i have not"
1457,high school,fairly unwilling,"yes, i have"
1460,high school,fairly willing,"no, i have not"
1463,high school,fairly unwilling,"no, i have not"
1466,high school,neither willing nor unwilling,"no, i have not"
1470,graduate,fairly willing,"no, i have not"
1474,graduate,fairly unwilling,"no, i have not"
1477,graduate,fairly unwilling,"yes, i have"
1479,less than high school,very willing,"yes, i have"
1480,high school,fairly unwilling,"no, i have not"
1484,high school,neither willing nor unwilling,"no, i have not"
1485,graduate,fairly willing,"no, i have not"
1489,bachelor's,neither willing nor unwilling,"no, i have not"
1490,high school,fairly willing,"no, i have not"
1491,graduate,fairly willing,"yes, i have"
1495,bachelor's,neither willing nor unwilling,"no, i have not"
1498,less than high school,neither willing nor unwilling,"no, i have not"
1504,high school,fairly willing,"no, i have not"
1506,less than high school,fairly willing,"no, i have not"
1513,high school,neither willing nor unwilling,"no, i have not"
1514,bachelor's,neither willing nor unwilling,"no, i have not"
1519,associate/junior college,fairly willing,"no, i have not"
1521,high school,fairly unwilling,"no, i have not"
1523,high school,fairly willing,"no, i have not"
1524,graduate,very unwilling,"no, i have not"
1526,high school,fairly unwilling,"no, i have not"
1531,high school,fairly unwilling,"no, i have not"
1535,high school,fairly unwilling,"no, i have not"
1537,bachelor's,fairly willing,"no, i have not"
1538,bachelor's,very unwilling,"no, i have not"
1539,bachelor's,neither willing nor unwilling,"no, i have not"
1541,high school,neither willing nor unwilling,"no, i have not"
1544,high school,neither willing nor unwilling,"no, i have not"
1550,high school,very unwilling,"no, i have not"
1553,bachelor's,fairly willing,"no, i have not"
1554,graduate,fairly willing,"no, i have not"
1559,less than high school,neither willing nor unwilling,"no, i have not"
1560,bachelor's,fairly willing,"no, i have not"
1564,bachelor's,very unwilling,"no, i have not"
1565,high school,fairly unwilling,"no, i have not"
1566,high school,fairly unwilling,"no, i have not"
1568,high school,very unwilling,"no, i have not"
1569,high school,very willing,"yes, i have"
1571,high school,fairly willing,"no, i have not"
1572,bachelor's,fairly willing,"yes, i have"
1573,high school,fairly unwilling,"no, i have not"
1574,high school,neither willing nor unwilling,"no, i have not"
1576,associate/junior college,very unwilling,"no, i have not"
1577,less than high school,fairly willing,"no, i have not"
1580,high school,neither willing nor unwilling,"no, i have not"
1581,bachelor's,fairly willing,"no, i have not"
1582,bachelor's,fairly unwilling,"no, i have not"
1585,graduate,neither willing nor unwilling,"no, i have not"
1592,bachelor's,fairly unwilling,"no, i have not"
1594,bachelor's,fairly unwilling,"yes, i have"
1595,bachelor's,fairly unwilling,"no, i have not"
1607,graduate,fairly unwilling,"no, i have not"
1608,high school,very willing,"no, i have not"
1612,less than high school,fairly unwilling,"no, i have not"
1614,less than high school,fairly unwilling,"no, i have not"
1619,high school,fairly willing,"no, i have not"
1621,high school,neither willing nor unwilling,"no, i have not"
1623,high school,very unwilling,"no, i have not"
1625,bachelor's,fairly unwilling,"no, i have not"
1627,graduate,fairly willing,"yes, i have"
1636,less than high school,neither willing nor unwilling,"no, i have not"
1639,high school,neither willing nor unwilling,"no, i have not"
1641,graduate,fairly willing,"no, i have not"
1643,graduate,very willing,"no, i have not"
1647,high school,neither willing nor unwilling,"no, i have not"
1652,high school,neither willing nor unwilling,"no, i have not"
1653,graduate,fairly unwilling,"no, i have not"
1655,high school,very unwilling,"no, i have not"
1657,high school,neither willing nor unwilling,"no, i have not"
1661,high school,neither willing nor unwilling,"no, i have not"
1667,bachelor's,fairly willing,"yes, i have"
1669,graduate,fairly willing,"yes, i have"
1672,associate/junior college,very unwilling,"no, i have not"
1673,high school,fairly willing,"no, i have not"
1681,graduate,very willing,"yes, i have"
1683,bachelor's,fairly willing,"no, i have not"
1684,bachelor's,very willing,"yes, i have"
1686,bachelor's,fairly unwilling,"no, i have not"
1687,graduate,fairly willing,"no, i have not"
1692,bachelor's,fairly willing,"yes, i have"
1696,high school,neither willing nor unwilling,"yes, i have"
1704,bachelor's,fairly unwilling,"no, i have not"
1707,bachelor's,fairly unwilling,"no, i have not"
1708,associate/junior college,fairly willing,"no, i have not"
1711,less than high school,fairly willing,"no, i have not"
1712,high school,fairly willing,"yes, i have"
1716,graduate,fairly willing,"yes, i have"
1717,bachelor's,fairly unwilling,"no, i have not"
1718,high school,fairly willing,"no, i have not"
1720,associate/junior college,very unwilling,"no, i have not"
1722,bachelor's,fairly unwilling,"no, i have not"
1726,graduate,fairly willing,"yes, i have"
1727,bachelor's,fairly willing,"yes, i have"
1732,high school,very unwilling,"no, i have not"
1734,graduate,fairly willing,"yes, i have"
1736,bachelor's,fairly willing,"no, i have not"
1738,associate/junior college,fairly unwilling,"no, i have not"
1739,less than high school,very unwilling,"no, i have not"
1742,high school,neither willing nor unwilling,"no, i have not"
1743,high school,neither willing nor unwilling,"no, i have not"
1744,associate/junior college,fairly unwilling,"no, i have not"
1745,bachelor's,neither willing nor unwilling,"yes, i have"
1748,bachelor's,fairly willing,"no, i have not"
1750,high school,fairly unwilling,"no, i have not"
1752,high school,very unwilling,"no, i have not"
1755,high school,neither willing nor unwilling,"yes, i have"
1756,bachelor's,fairly unwilling,"no, i have not"
1762,high school,fairly willing,"no, i have not"
1763,high school,neither willing nor unwilling,"no, i have not"
1766,bachelor's,very unwilling,"no, i have not"
1770,high school,fairly willing,"no, i have not"
1773,high school,fairly unwilling,"yes, i have"
1777,high school,neither willing nor unwilling,"no, i have not"
1778,high school,fairly willing,"no, i have not"
1782,high school,fairly unwilling,"no, i have not"
1784,graduate,very willing,"yes, i have"
1785,bachelor's,neither willing nor unwilling,"yes, i have"
1787,bachelor's,fairly unwilling,"no, i have not"
1792,bachelor's,very willing,"no, i have not"
1795,high school,very unwilling,"no, i have not"
1798,bachelor's,fairly unwilling,"no, i have not"
1806,high school,fairly willing,"yes, i have"
1808,high school,very unwilling,"no, i have not"
1809,bachelor's,very willing,"no, i have not"
1812,high school,fairly willing,"yes, i have"
1818,high school,neither willing nor unwilling,"no, i have not"
1820,high school,fairly unwilling,"no, i have not"
1821,high school,fairly willing,"no, i have not"
1822,high school,neither willing nor unwilling,"no, i have not"
1823,high school,neither willing nor unwilling,"no, i have not"
1824,bachelor's,fairly willing,"no, i have not"
1826,high school,fairly willing,"no, i have not"
1827,high school,very unwilling,"no, i have not"
1828,high school,very unwilling,"no, i have not"
1829,bachelor's,very willing,"yes, i have"
1833,high school,neither willing nor unwilling,"no, i have not"
1835,graduate,fairly willing,"yes, i have"
1837,bachelor's,neither willing nor unwilling,"no, i have not"
1838,less than high school,neither willing nor unwilling,"no, i have not"
1839,high school,fairly willing,"yes, i have"
1840,high school,fairly unwilling,"no, i have not"
1841,less than high school,very unwilling,"no, i have not"
1844,associate/junior college,neither willing nor unwilling,"no, i have not"
1845,bachelor's,very willing,"yes, i have"
1850,associate/junior college,very unwilling,"no, i have not"
1852,bachelor's,very willing,"yes, i have"
1853,high school,fairly unwilling,"no, i have not"
1855,high school,very unwilling,"no, i have not"
1856,high school,very willing,"yes, i have"
1857,graduate,very willing,"yes, i have"
1860,bachelor's,neither willing nor unwilling,"yes, i have"
1861,associate/junior college,neither willing nor unwilling,"no, i have not"
1864,graduate,fairly willing,"yes, i have"
1865,high school,fairly willing,"no, i have not"
1869,high school,fairly unwilling,"no, i have not"
1872,high school,neither willing nor unwilling,"no, i have not"
1877,associate/junior college,neither willing nor unwilling,"no, i have not"
1879,high school,fairly unwilling,"no, i have not"
1881,high school,fairly unwilling,"no, i have not"
1883,bachelor's,neither willing nor unwilling,"no, i have not"
1884,bachelor's,fairly willing,"no, i have not"
1887,high school,fairly unwilling,"no, i have not"
1888,high school,fairly willing,"no, i have not"
1889,bachelor's,neither willing nor unwilling,"yes, i have"
1891,graduate,very willing,"yes, i have"
1895,graduate,fairly willing,"yes, i have"
1896,bachelor's,fairly willing,"yes, i have"
1899,bachelor's,very willing,"yes, i have"
1901,high school,very willing,"no, i have not"
1908,bachelor's,fairly unwilling,"yes, i have"
1910,graduate,fairly willing,"no, i have not"
1914,bachelor's,fairly willing,"no, i have not"
1915,high school,fairly unwilling,"no, i have not"
1917,high school,very unwilling,"no, i have not"
1918,graduate,fairly willing,"no, i have not"
1923,graduate,fairly willing,"no, i have not"
1924,bachelor's,neither willing nor unwilling,"yes, i have"
1927,bachelor's,fairly willing,"no, i have not"
1928,high school,very unwilling,"no, i have not"
1930,high school,very willing,"no, i have not"
1933,bachelor's,fairly willing,"yes, i have"
1935,associate/junior college,very willing,"yes, i have"
1936,bachelor's,neither willing nor unwilling,"no, i have not"
1941,bachelor's,fairly unwilling,"no, i have not"
1942,graduate,neither willing nor unwilling,"yes, i have"
1944,high school,fairly willing,"yes, i have"
1949,bachelor's,fairly willing,"no, i have not"
1950,bachelor's,neither willing nor unwilling,"no, i have not"
1954,graduate,very unwilling,"no, i have not"
1957,high school,fairly willing,"no, i have not"
1960,bachelor's,neither willing nor unwilling,"no, i have not"
1961,high school,neither willing nor unwilling,"no, i have not"
1962,graduate,neither willing nor unwilling,"no, i have not"
1964,high school,neither willing nor unwilling,"yes, i have"
1970,graduate,fairly willing,"no, i have not"
1974,high school,fairly willing,"no, i have not"
1978,high school,fairly unwilling,"yes, i have"
1980,bachelor's,fairly unwilling,"no, i have not"
1985,bachelor's,fairly willing,"no, i have not"
1986,bachelor's,fairly willing,"yes, i have"
1988,graduate,fairly willing,"no, i have not"
1990,high school,fairly unwilling,"yes, i have"
1995,high school,neither willing nor unwilling,"no, i have not"
1996,bachelor's,fairly unwilling,"no, i have not"
1998,high school,very willing,"no, i have not"
1999,high school,fairly willing,"no, i have not"
2000,high school,neither willing nor unwilling,"no, i have not"
2003,bachelor's,neither willing nor unwilling,"no, i have not"
2006,associate/junior college,neither willing nor unwilling,"no, i have not"
2008,high school,fairly willing,"no, i have not"
2010,high school,very unwilling,"no, i have not"
2011,high school,very unwilling,"no, i have not"
2019,high school,fairly willing,"no, i have not"
2020,high school,neither willing nor unwilling,"no, i have not"
2023,high school,very unwilling,"no, i have not"
2025,bachelor's,fairly willing,"no, i have not"
2027,bachelor's,fairly willing,"no, i have not"
2028,high school,neither willing nor unwilling,"no, i have not"
2029,bachelor's,fairly unwilling,"no, i have not"
2030,high school,fairly willing,"no, i have not"
2033,graduate,fairly willing,"no, i have not"
2034,graduate,very willing,"yes, i have"
2035,high school,fairly willing,"no, i have not"
2037,high school,very unwilling,"no, i have not"
2038,bachelor's,neither willing nor unwilling,"no, i have not"
2042,bachelor's,very willing,"no, i have not"
2046,high school,neither willing nor unwilling,"no, i have not"
2049,high school,fairly unwilling,"yes, i have"
2051,bachelor's,fairly willing,"no, i have not"
2052,high school,fairly willing,"no, i have not"
2053,high school,fairly willing,"no, i have not"
2056,associate/junior college,neither willing nor unwilling,"no, i have not"
2057,high school,fairly unwilling,"no, i have not"
2058,high school,fairly unwilling,"no, i have not"
2060,less than high school,fairly unwilling,"no, i have not"
2063,high school,fairly unwilling,"no, i have not"
2064,high school,fairly unwilling,"no, i have not"
2065,high school,very willing,"no, i have not"
2067,high school,fairly unwilling,"no, i have not"
2068,bachelor's,fairly unwilling,"no, i have not"
2072,bachelor's,fairly willing,"yes, i have"
2075,high school,neither willing nor unwilling,"no, i have not"
2076,high school,fairly willing,"no, i have not"
2077,bachelor's,fairly willing,"no, i have not"
2078,high school,fairly willing,"no, i have not"
2080,high school,neither willing nor unwilling,"no, i have not"
2089,bachelor's,fairly unwilling,"no, i have not"
2090,less than high school,neither willing nor unwilling,"no, i have not"
2093,high school,neither willing nor unwilling,"no, i have not"
2094,graduate,fairly willing,"no, i have not"
2095,high school,fairly willing,"no, i have not"
2097,graduate,neither willing nor unwilling,"no, i have not"
2099,high school,fairly willing,"no, i have not"
2100,associate/junior college,fairly willing,"no, i have not"
2103,bachelor's,fairly willing,"no, i have not"
2104,less than high school,fairly willing,"no, i have not"
2106,bachelor's,neither willing nor unwilling,"no, i have not"
2108,graduate,fairly unwilling,"no, i have not"
2110,high school,fairly willing,"no, i have not"
2112,associate/junior college,fairly unwilling,"no, i have not"
2118,associate/junior college,fairly unwilling,"no, i have not"
2119,bachelor's,very willing,"yes, i have"
2124,graduate,fairly willing,"no, i have not"
2125,high school,neither willing nor unwilling,"no, i have not"
2135,graduate,neither willing nor unwilling,"yes, i have"
2140,bachelor's,neither willing nor unwilling,"no, i have not"
2142,associate/junior college,fairly unwilling,"no, i have not"
2144,high school,very unwilling,"no, i have not"
2147,high school,fairly willing,"no, i have not"
2151,graduate,neither willing nor unwilling,"yes, i have"
2156,graduate,very unwilling,"no, i have not"
2157,high school,very unwilling,"no, i have not"
2158,high school,fairly unwilling,"no, i have not"
2163,high school,fairly willing,"no, i have not"
2165,high school,very unwilling,"no, i have not"
2170,less than high school,fairly willing,"no, i have not"
2172,bachelor's,fairly willing,"no, i have not"
2176,high school,very willing,"yes, i have"
2177,bachelor's,neither willing nor unwilling,"no, i have not"
2178,bachelor's,fairly willing,"no, i have not"
2179,high school,very unwilling,"no, i have not"
2182,graduate,fairly willing,"no, i have not"
2183,less than high school,neither willing nor unwilling,"no, i have not"
2184,associate/junior college,fairly unwilling,"no, i have not"
2185,high school,neither willing nor unwilling,"no, i have not"
2189,less than high school,very unwilling,"no, i have not"
2190,high school,fairly willing,"no, i have not"
2194,high school,fairly willing,"no, i have not"
2195,graduate,fairly willing,"yes, i have"
2197,associate/junior college,fairly willing,"no, i have not"
2200,high school,fairly unwilling,"no, i have not"
2204,associate/junior college,very unwilling,"yes, i have"
2207,graduate,very unwilling,"no, i have not"
2209,bachelor's,very unwilling,"no, i have not"
2212,graduate,fairly willing,"no, i have not"
2215,graduate,fairly willing,"no, i have not"
2219,high school,neither willing nor unwilling,"no, i have not"
2221,high school,very unwilling,"no, i have not"
2223,high school,fairly willing,"yes, i have"
2229,bachelor's,neither willing nor unwilling,"no, i have not"
2232,associate/junior college,fairly unwilling,"yes, i have"
2233,bachelor's,neither willing nor unwilling,"no, i have not"
2234,bachelor's,neither willing nor unwilling,"no, i have not"
2237,high school,very willing,"no, i have not"
2241,high school,fairly willing,"no, i have not"
2246,graduate,fairly willing,"no, i have not"
2259,graduate,fairly willing,"yes, i have"
2262,graduate,fairly unwilling,"no, i have not"
2264,graduate,fairly unwilling,"yes, i have"
2266,bachelor's,very unwilling,"no, i have not"
2267,bachelor's,neither willing nor unwilling,"no, i have not"
2268,bachelor's,fairly willing,"no, i have not"
2269,associate/junior college,fairly unwilling,"no, i have not"
2270,bachelor's,neither willing nor unwilling,"no, i have not"
2273,high school,fairly willing,"no, i have not"
2278,bachelor's,fairly willing,"no, i have not"
2279,high school,neither willing nor unwilling,"no, i have not"
2290,graduate,very willing,"yes, i have"
2292,associate/junior college,fairly willing,"no, i have not"
2295,high school,fairly willing,"no, i have not"
2304,high school,fairly willing,"no, i have not"
2305,less than high school,neither willing nor unwilling,"no, i have not"
2306,associate/junior college,fairly willing,"no, i have not"
2309,graduate,very willing,"no, i have not"
2312,high school,fairly unwilling,"no, i have not"
2314,graduate,fairly willing,"no, i have not"
2317,high school,fairly willing,"no, i have not"
2319,bachelor's,fairly unwilling,"no, i have not"
2320,graduate,fairly unwilling,"no, i have not"
2321,high school,fairly willing,"no, i have not"
2327,high school,neither willing nor unwilling,"no, i have not"
2328,bachelor's,fairly willing,"yes, i have"
2330,high school,fairly unwilling,"no, i have not"
2335,graduate,fairly unwilling,"no, i have not"
2336,high school,neither willing nor unwilling,"no, i have not"
2342,high school,fairly unwilling,"no, i have not"
2343,bachelor's,neither willing nor unwilling,"no, i have not"
2350,high school,very unwilling,"no, i have not"
2351,less than high school,fairly unwilling,"no, i have not"
2352,less than high school,fairly willing,"no, i have not"
2353,high school,very unwilling,"no, i have not"
2355,high school,fairly unwilling,"no, i have not"
2357,bachelor's,neither willing nor unwilling,"no, i have not"
2364,bachelor's,very unwilling,"no, i have not"
2367,high school,very willing,"yes, i have"
2369,bachelor's,fairly willing,"yes, i have"
2370,graduate,very willing,"no, i have not"
2377,high school,fairly willing,"no, i have not"
2378,high school,fairly willing,"no, i have not"
2380,high school,fairly willing,"no, i have not"
2381,high school,fairly willing,"no, i have not"
2382,high school,fairly unwilling,"no, i have not"
2383,graduate,fairly willing,"no, i have not"
2386,high school,very unwilling,"no, i have not"
2391,bachelor's,fairly willing,"no, i have not"
2394,high school,neither willing nor unwilling,"no, i have not"
2396,less than high school,fairly unwilling,"no, i have not"
2397,graduate,fairly willing,"no, i have not"
2398,bachelor's,fairly willing,"no, i have not"
2399,high school,neither willing nor unwilling,"no, i have not"
2402,less than high school,neither willing nor unwilling,"yes, i have"
2406,associate/junior college,fairly willing,"no, i have not"
2407,high school,neither willing nor unwilling,"no, i have not"
2408,bachelor's,fairly willing,"no, i have not"
2412,high school,fairly willing,"no, i have not"
2417,graduate,fairly willing,"yes, i have"
2421,bachelor's,neither willing nor unwilling,"no, i have not"
2425,high school,fairly willing,"yes, i have"
2426,high school,neither willing nor unwilling,"yes, i have"
2433,bachelor's,fairly willing,"no, i have not"
2434,bachelor's,fairly willing,"no, i have not"
2435,high school,fairly willing,"yes, i have"
2436,bachelor's,fairly willing,"no, i have not"
2437,bachelor's,fairly willing,"yes, i have"
2441,associate/junior college,fairly willing,"yes, i have"
2448,graduate,fairly willing,"no, i have not"
2454,high school,fairly willing,"yes, i have"
2460,high school,neither willing nor unwilling,"no, i have not"
2462,graduate,fairly willing,"no, i have not"
2463,bachelor's,fairly willing,"no, i have not"
2466,high school,fairly willing,"no, i have not"
2467,bachelor's,neither willing nor unwilling,"no, i have not"
2468,bachelor's,neither willing nor unwilling,"no, i have not"
2470,high school,fairly unwilling,"no, i have not"
2474,bachelor's,very unwilling,"no, i have not"
2478,graduate,neither willing nor unwilling,"yes, i have"
2480,high school,neither willing nor unwilling,"no, i have not"
2481,bachelor's,very willing,"yes, i have"
2489,associate/junior college,fairly willing,"no, i have not"
2494,graduate,fairly unwilling,"no, i have not"
2495,high school,neither willing nor unwilling,"no, i have not"
2498,graduate,fairly willing,"yes, i have"
2501,high school,neither willing nor unwilling,"no, i have not"
2502,bachelor's,fairly willing,"no, i have not"
2503,bachelor's,neither willing nor unwilling,"yes, i have"
2504,graduate,fairly willing,"yes, i have"
2515,high school,fairly willing,"no, i have not"
2518,associate/junior college,neither willing nor unwilling,"no, i have not"
2520,bachelor's,fairly willing,"no, i have not"
2521,high school,fairly unwilling,"no, i have not"
2524,bachelor's,neither willing nor unwilling,"no, i have not"
2526,bachelor's,neither willing nor unwilling,"yes, i have"
2528,high school,fairly unwilling,"no, i have not"
2533,high school,very unwilling,"no, i have not"
2536,bachelor's,fairly willing,"yes, i have"
2538,high school,very unwilling,"no, i have not"
2541,bachelor's,very unwilling,"no, i have not"
2543,bachelor's,fairly willing,"no, i have not"
2544,high school,fairly willing,"no, i have not"
2556,graduate,neither willing nor unwilling,"no, i have not"
2557,bachelor's,fairly willing,"no, i have not"
2558,high school,neither willing nor unwilling,"no, i have not"
2560,bachelor's,fairly willing,"no, i have not"
2561,bachelor's,fairly willing,"no, i have not"
2562,less than high school,fairly willing,"no, i have not"
2566,high school,fairly unwilling,"no, i have not"
2567,high school,fairly willing,"no, i have not"
2569,high school,very unwilling,"no, i have not"
2571,bachelor's,fairly willing,"no, i have not"
2575,high school,neither willing nor unwilling,"yes, i have"
2577,graduate,neither willing nor unwilling,"yes, i have"
2579,bachelor's,neither willing nor unwilling,"no, i have not"
2581,associate/junior college,very willing,"no, i have not"
2585,high school,very willing,"no, i have not"
2588,bachelor's,fairly willing,"yes, i have"
2594,bachelor's,fairly willing,"yes, i have"
2597,graduate,very willing,"yes, i have"
2598,bachelor's,fairly willing,"no, i have not"
2599,bachelor's,very willing,"yes, i have"
2608,graduate,fairly willing,"yes, i have"
2610,high school,neither willing nor unwilling,"no, i have not"
2614,high school,fairly willing,"yes, i have"
2617,high school,fairly willing,"yes, i have"
2619,high school,very unwilling,"no, i have not"
2620,high school,very unwilling,"no, i have not"
2623,high school,fairly unwilling,"no, i have not"
2627,high school,very unwilling,"no, i have not"
2629,bachelor's,fairly willing,"no, i have not"
2630,graduate,fairly willing,"yes, i have"
2634,high school,fairly willing,"no, i have not"
2635,high school,fairly willing,"no, i have not"
2639,graduate,very willing,"yes, i have"
2643,high school,neither willing nor unwilling,"yes, i have"
2646,bachelor's,very willing,"no, i have not"
2651,high school,very unwilling,"no, i have not"
2653,high school,very unwilling,"no, i have not"
2655,less than high school,neither willing nor unwilling,"no, i have not"
2658,bachelor's,neither willing nor unwilling,"no, i have not"
2661,high school,neither willing nor unwilling,"no, i have not"
2664,graduate,very willing,"yes, i have"
2665,less than high school,neither willing nor unwilling,"no, i have not"
2668,high school,fairly unwilling,"no, i have not"
2669,high school,neither willing nor unwilling,"no, i have not"
2674,graduate,neither willing nor unwilling,"yes, i have"
2675,graduate,fairly willing,"no, i have not"
2676,high school,fairly unwilling,"no, i have not"
2677,high school,neither willing nor unwilling,"yes, i have"
2679,high school,fairly unwilling,"no, i have not"
2684,high school,fairly willing,"no, i have not"
2686,bachelor's,fairly willing,"no, i have not"
2687,bachelor's,fairly willing,"no, i have not"
2688,high school,fairly willing,"no, i have not"
2692,graduate,fairly willing,"no, i have not"
2697,bachelor's,very willing,"no, i have not"
2701,bachelor's,fairly unwilling,"no, i have not"
2702,high school,neither willing nor unwilling,"no, i have not"
2705,bachelor's,neither willing nor unwilling,"no, i have not"
2709,associate/junior college,fairly willing,"yes, i have"
2712,high school,fairly unwilling,"no, i have not"
2716,associate/junior college,fairly unwilling,"no, i have not"
2717,graduate,fairly willing,"no, i have not"
2719,high school,fairly willing,"yes, i have"
2726,bachelor's,neither willing nor unwilling,"yes, i have"
2729,less than high school,neither willing nor unwilling,"no, i have not"
2733,high school,neither willing nor unwilling,"no, i have not"
2736,less than high school,neither willing nor unwilling,"no, i have not"
2737,graduate,very unwilling,"no, i have not"
2739,high school,neither willing nor unwilling,"no, i have not"
2740,high school,very unwilling,"no, i have not"
2741,bachelor's,neither willing nor unwilling,"yes, i have"
2742,graduate,fairly willing,"yes, i have"
2744,associate/junior college,neither willing nor unwilling,"no, i have not"
2746,high school,neither willing nor unwilling,"no, i have not"
2747,bachelor's,fairly willing,"no, i have not"
2749,graduate,fairly willing,"yes, i have"
2752,high school,neither willing nor unwilling,"no, i have not"
2753,graduate,very willing,"yes, i have"
2756,associate/junior college,fairly willing,"no, i have not"
2757,high school,neither willing nor unwilling,"yes, i have"
2758,less than high school,fairly unwilling,"no, i have not"
2759,graduate,fairly unwilling,"no, i have not"
2761,bachelor's,fairly willing,"yes, i have"
2766,high school,neither willing nor unwilling,"no, i have not"
2769,high school,fairly unwilling,"no, i have not"
2771,bachelor's,fairly willing,"no, i have not"
2773,high school,very unwilling,"no, i have not"
2774,bachelor's,neither willing nor unwilling,"no, i have not"
2775,high school,very unwilling,"no, i have not"
2781,high school,fairly willing,"no, i have not"
2782,bachelor's,very unwilling,"no, i have not"
2783,high school,fairly unwilling,"no, i have not"
2785,bachelor's,very unwilling,"no, i have not"
2787,graduate,neither willing nor unwilling,"yes, i have"
2791,high school,very unwilling,"no, i have not"
2793,high school,fairly willing,"yes, i have"
2794,bachelor's,fairly unwilling,"no, i have not"
2799,bachelor's,fairly unwilling,"yes, i have"
2801,high school,neither willing nor unwilling,"no, i have not"
2804,bachelor's,very willing,"no, i have not"
2806,graduate,fairly willing,"no, i have not"
2807,bachelor's,fairly willing,"yes, i have"
2810,associate/junior college,neither willing nor unwilling,"yes, i have"
2811,graduate,neither willing nor unwilling,"no, i have not"
2814,high school,neither willing nor unwilling,"no, i have not"
2820,high school,fairly willing,"yes, i have"
2822,high school,neither willing nor unwilling,"yes, i have"
2823,associate/junior college,very unwilling,"no, i have not"
2824,graduate,fairly willing,"no, i have not"
2827,bachelor's,very willing,"yes, i have"
2829,high school,very unwilling,"no, i have not"
2835,bachelor's,fairly unwilling,"no, i have not"
2836,high school,fairly willing,"no, i have not"
2837,high school,fairly unwilling,"no, i have not"
2839,associate/junior college,fairly unwilling,"no, i have not"
2843,graduate,neither willing nor unwilling,"yes, i have"
2844,bachelor's,fairly unwilling,"no, i have not"
2847,bachelor's,fairly willing,"yes, i have"
2849,graduate,fairly willing,"yes, i have"
2853,associate/junior college,fairly willing,"yes, i have"
2859,high school,very unwilling,"no, i have not"
2860,high school,neither willing nor unwilling,"no, i have not"
2862,graduate,neither willing nor unwilling,"yes, i have"
2864,bachelor's,neither willing nor unwilling,"no, i have not"
2867,bachelor's,fairly willing,"yes, i have"
2869,bachelor's,fairly willing,"yes, i have"
2870,graduate,fairly willing,"no, i have not"
2872,associate/junior college,fairly willing,"yes, i have"
2873,graduate,fairly willing,"no, i have not"
2874,graduate,fairly willing,"no, i have not"
2875,graduate,fairly unwilling,"no, i have not"
2876,high school,fairly unwilling,"no, i have not"
2877,high school,fairly willing,"no, i have not"
2880,high school,fairly willing,"yes, i have"
2884,bachelor's,fairly willing,"yes, i have"
2886,bachelor's,fairly unwilling,"no, i have not"
2889,high school,fairly willing,"no, i have not"
2892,associate/junior college,fairly unwilling,"yes, i have"
2897,associate/junior college,neither willing nor unwilling,"no, i have not"
2901,graduate,fairly willing,"no, i have not"
2902,graduate,fairly willing,"yes, i have"
2903,high school,very willing,"no, i have not"
2908,bachelor's,fairly willing,"no, i have not"
2910,graduate,neither willing nor unwilling,"no, i have not"
2913,less than high school,fairly unwilling,"no, i have not"
2918,high school,fairly willing,"no, i have not"
2920,bachelor's,fairly willing,"yes, i have"
2925,high school,neither willing nor unwilling,"yes, i have"
2927,bachelor's,very unwilling,"no, i have not"
2929,high school,neither willing nor unwilling,"no, i have not"
2934,high school,neither willing nor unwilling,"no, i have not"
2941,high school,very unwilling,"no, i have not"
2942,graduate,very willing,"yes, i have"
2944,graduate,fairly unwilling,"yes, i have"
2945,high school,very unwilling,"no, i have not"
2949,bachelor's,fairly willing,"no, i have not"
2955,high school,fairly willing,"no, i have not"
2959,high school,very unwilling,"no, i have not"
2966,high school,very unwilling,"no, i have not"
2967,high school,fairly unwilling,"no, i have not"
2970,high school,neither willing nor unwilling,"no, i have not"
2972,graduate,fairly unwilling,"no, i have not"
2973,high school,fairly unwilling,"no, i have not"
2978,bachelor's,neither willing nor unwilling,"yes, i have"
2979,associate/junior college,fairly willing,"no, i have not"
2984,bachelor's,fairly willing,"yes, i have"
2985,high school,fairly unwilling,"no, i have not"
2986,bachelor's,fairly willing,"yes, i have"
2987,high school,fairly unwilling,"no, i have not"
2988,associate/junior college,fairly unwilling,"no, i have not"
2989,high school,neither willing nor unwilling,"no, i have not"
2992,high school,fairly unwilling,"no, i have not"
2994,associate/junior college,fairly willing,"yes, i have"
2996,high school,very unwilling,"no, i have not"
2998,high school,very unwilling,"no, i have not"
3001,graduate,neither willing nor unwilling,"yes, i have"
3002,graduate,fairly willing,"no, i have not"
3005,bachelor's,fairly willing,"no, i have not"
3009,high school,fairly unwilling,"no, i have not"
3012,bachelor's,neither willing nor unwilling,"no, i have not"
3013,high school,fairly unwilling,"no, i have not"
3019,graduate,fairly willing,"no, i have not"
3020,graduate,very willing,"yes, i have"
3021,high school,fairly unwilling,"no, i have not"
3023,associate/junior college,very unwilling,"no, i have not"
3026,less than high school,very unwilling,"no, i have not"
3027,less than high school,fairly willing,"no, i have not"
3028,associate/junior college,fairly unwilling,"yes, i have"
3029,bachelor's,fairly willing,"no, i have not"
3031,bachelor's,fairly willing,"no, i have not"
3033,graduate,fairly willing,"yes, i have"
3034,graduate,neither willing nor unwilling,"no, i have not"
3035,associate/junior college,very unwilling,"no, i have not"
3036,bachelor's,neither willing nor unwilling,"no, i have not"
3037,less than high school,very unwilling,"yes, i have"
3043,bachelor's,fairly willing,"no, i have not"
3047,bachelor's,fairly willing,"no, i have not"
3050,graduate,very willing,"yes, i have"
3055,high school,fairly willing,"no, i have not"
3057,high school,fairly willing,"no, i have not"
3063,bachelor's,neither willing nor unwilling,"no, i have not"
3065,high school,fairly unwilling,"no, i have not"
3067,high school,fairly unwilling,"no, i have not"
3070,bachelor's,neither willing nor unwilling,"yes, i have"
3072,bachelor's,fairly willing,"no, i have not"
3073,high school,fairly willing,"no, i have not"
3075,bachelor's,fairly willing,"no, i have not"
3078,high school,fairly willing,"no, i have not"
3083,graduate,neither willing nor unwilling,"no, i have not"
3084,bachelor's,neither willing nor unwilling,"no, i have not"
3088,high school,fairly unwilling,"no, i have not"
3090,associate/junior college,fairly willing,"no, i have not"
3091,graduate,fairly unwilling,"no, i have not"
3092,bachelor's,fairly willing,"no, i have not"
3094,high school,neither willing nor unwilling,"no, i have not"
3095,less than high school,neither willing nor unwilling,"no, i have not"
3097,associate/junior college,very unwilling,"no, i have not"
3100,bachelor's,fairly willing,"no, i have not"
3104,graduate,fairly willing,"no, i have not"
3108,bachelor's,fairly willing,"no, i have not"
3114,high school,neither willing nor unwilling,"no, i have not"
3116,associate/junior college,very unwilling,"no, i have not"
3117,graduate,fairly unwilling,"no, i have not"
3119,bachelor's,neither willing nor unwilling,"yes, i have"
3121,high school,fairly unwilling,"no, i have not"
3122,high school,very unwilling,"no, i have not"
3125,bachelor's,fairly unwilling,"no, i have not"
3128,less than high school,fairly unwilling,"no, i have not"
3130,high school,very unwilling,"no, i have not"
3131,high school,fairly willing,"no, i have not"
3132,associate/junior college,fairly willing,"yes, i have"
3140,high school,fairly unwilling,"no, i have not"
3141,graduate,neither willing nor unwilling,"no, i have not"
3145,associate/junior college,fairly unwilling,"no, i have not"
3147,bachelor's,neither willing nor unwilling,"no, i have not"
3149,associate/junior college,very unwilling,"no, i have not"
3151,graduate,fairly unwilling,"no, i have not"
3153,graduate,fairly willing,"yes, i have"
3154,graduate,fairly willing,"yes, i have"
3155,graduate,very willing,"yes, i have"
3159,associate/junior college,neither willing nor unwilling,"no, i have not"
3161,high school,fairly unwilling,"no, i have not"
3163,high school,very unwilling,"no, i have not"
3164,graduate,fairly willing,"yes, i have"
3166,high school,fairly willing,"no, i have not"
3173,graduate,neither willing nor unwilling,"yes, i have"
3174,high school,neither willing nor unwilling,"no, i have not"
3180,less than high school,neither willing nor unwilling,"no, i have not"
3182,graduate,very willing,"no, i have not"
3192,high school,fairly unwilling,"no, i have not"
3195,bachelor's,very willing,"no, i have not"
3197,less than high school,very unwilling,"no, i have not"
3200,bachelor's,very willing,"no, i have not"
3201,less than high school,fairly unwilling,"no, i have not"
3202,less than high school,fairly unwilling,"no, i have not"
3203,graduate,very willing,"no, i have not"
3204,high school,fairly willing,"yes, i have"
3206,high school,fairly willing,"no, i have not"
3207,high school,fairly unwilling,"no, i have not"
3213,bachelor's,fairly willing,"yes, i have"
3214,high school,fairly unwilling,"no, i have not"
3215,bachelor's,fairly unwilling,"no, i have not"
3216,associate/junior college,fairly willing,"no, i have not"
3217,high school,neither willing nor unwilling,"no, i have not"
3219,graduate,fairly willing,"yes, i have"
3221,graduate,fairly unwilling,"no, i have not"
3222,graduate,neither willing nor unwilling,"no, i have not"
3223,associate/junior college,neither willing nor unwilling,"no, i have not"
3224,associate/junior college,neither willing nor unwilling,"no, i have not"
3225,high school,very unwilling,"yes, i have"
3228,graduate,very unwilling,"no, i have not"
3229,less than high school,fairly willing,"no, i have not"
3235,bachelor's,neither willing nor unwilling,"no, i have not"
3237,high school,very willing,"yes, i have"
3238,graduate,fairly willing,"no, i have not"
3242,high school,neither willing nor unwilling,"no, i have not"
3244,bachelor's,fairly unwilling,"no, i have not"
3246,associate/junior college,fairly willing,"no, i have not"
3255,high school,very unwilling,"no, i have not"
3256,high school,neither willing nor unwilling,"yes, i have"
3257,bachelor's,fairly willing,"no, i have not"
3260,bachelor's,very unwilling,"no, i have not"
3262,high school,fairly willing,"no, i have not"
3265,bachelor's,fairly unwilling,"no, i have not"
3266,graduate,fairly willing,"no, i have not"
3267,graduate,very willing,"yes, i have"
3269,graduate,fairly willing,"no, i have not"
3271,bachelor's,fairly willing,"yes, i have"
3272,graduate,neither willing nor unwilling,"no, i have not"
3274,bachelor's,fairly willing,"no, i have not"
3275,graduate,very willing,"no, i have not"
3281,bachelor's,fairly willing,"no, i have not"
3284,bachelor's,very unwilling,"no, i have not"
3286,high school,very willing,"yes, i have"
3287,high school,fairly willing,"yes, i have"
3289,bachelor's,neither willing nor unwilling,"no, i have not"
3299,graduate,very willing,"no, i have not"
3308,bachelor's,fairly unwilling,"no, i have not"
3314,graduate,neither willing nor unwilling,"no, i have not"
3315,bachelor's,fairly willing,"no, i have not"
3318,bachelor's,neither willing nor unwilling,"yes, i have"
3321,graduate,neither willing nor unwilling,"no, i have not"
3322,high school,fairly willing,"yes, i have"
3325,high school,fairly willing,"no, i have not"
3326,high school,fairly unwilling,"no, i have not"
3328,associate/junior college,fairly willing,"yes, i have"
3333,bachelor's,very willing,"yes, i have"
3335,bachelor's,neither willing nor unwilling,"no, i have not"
3338,associate/junior college,fairly unwilling,"no, i have not"
3339,high school,fairly willing,"no, i have not"
3344,graduate,fairly willing,"no, i have not"
3348,graduate,fairly willing,"no, i have not"
3349,bachelor's,neither willing nor unwilling,"yes, i have"
3351,graduate,fairly willing,"no, i have not"
3357,high school,neither willing nor unwilling,"yes, i have"
3360,bachelor's,fairly willing,"no, i have not"
3361,high school,neither willing nor unwilling,"yes, i have"
3363,high school,very unwilling,"no, i have not"
3365,graduate,neither willing nor unwilling,"yes, i have"
3368,bachelor's,fairly willing,"yes, i have"
3371,high school,neither willing nor unwilling,"no, i have not"
3372,bachelor's,neither willing nor unwilling,"no, i have not"
3373,bachelor's,very willing,"yes, i have"
3378,graduate,fairly willing,"yes, i have"
3380,high school,neither willing nor unwilling,"no, i have not"
3382,high school,neither willing nor unwilling,"no, i have not"
3383,less than high school,neither willing nor unwilling,"no, i have not"
3385,bachelor's,very unwilling,"no, i have not"
3392,associate/junior college,fairly willing,"no, i have not"
3393,graduate,neither willing nor unwilling,"no, i have not"
3395,associate/junior college,very willing,"no, i have not"
3398,bachelor's,very unwilling,"no, i have not"
3401,high school,neither willing nor unwilling,"yes, i have"
3402,high school,fairly willing,"no, i have not"
3408,graduate,neither willing nor unwilling,"no, i have not"
3410,associate/junior college,fairly unwilling,"no, i have not"
3412,bachelor's,fairly unwilling,"no, i have not"
3413,high school,fairly willing,"no, i have not"
3414,graduate,fairly unwilling,"no, i have not"
3417,high school,neither willing nor unwilling,"no, i have not"
3421,high school,fairly willing,"yes, i have"
3423,high school,fairly willing,"no, i have not"
3424,high school,fairly willing,"no, i have not"
3425,bachelor's,neither willing nor unwilling,"yes, i have"
3426,graduate,neither willing nor unwilling,"no, i have not"
3435,high school,fairly unwilling,"no, i have not"
3438,bachelor's,neither willing nor unwilling,"no, i have not"
3440,graduate,neither willing nor unwilling,"no, i have not"
3446,high school,fairly unwilling,"no, i have not"
3447,bachelor's,neither willing nor unwilling,"yes, i have"
3448,high school,very willing,"no, i have not"
3449,graduate,neither willing nor unwilling,"no, i have not"
3455,high school,fairly willing,"no, i have not"
3456,bachelor's,fairly unwilling,"no, i have not"
3458,high school,fairly unwilling,"yes, i have"
3465,bachelor's,very willing,"yes, i have"
3466,graduate,fairly willing,"no, i have not"
3477,high school,neither willing nor unwilling,"no, i have not"
3481,associate/junior college,neither willing nor unwilling,"no, i have not"
3483,bachelor's,neither willing nor unwilling,"yes, i have"
3487,bachelor's,fairly willing,"yes, i have"
3488,associate/junior college,neither willing nor unwilling,"no, i have not"
3491,less than high school,very unwilling,"no, i have not"
3492,graduate,fairly unwilling,"no, i have not"
3493,bachelor's,very willing,"yes, i have"
3494,high school,very unwilling,"no, i have not"
3495,graduate,neither willing nor unwilling,"yes, i have"
3497,high school,fairly unwilling,"no, i have not"
3502,graduate,fairly willing,"no, i have not"
3503,associate/junior college,neither willing nor unwilling,"no, i have not"
3505,graduate,neither willing nor unwilling,"no, i have not"
3508,bachelor's,fairly willing,"no, i have not"
3511,graduate,fairly unwilling,"yes, i have"
3512,bachelor's,neither willing nor unwilling,"no, i have not"
3515,high school,very willing,"no, i have not"
3516,bachelor's,fairly willing,"no, i have not"
3520,high school,fairly willing,"yes, i have"
3521,less than high school,fairly willing,"no, i have not"
3522,high school,fairly willing,"no, i have not"
3525,graduate,very unwilling,"no, i have not"
3526,graduate,neither willing nor unwilling,"yes, i have"
3532,associate/junior college,very willing,"yes, i have"
3533,graduate,neither willing nor unwilling,"no, i have not"
3535,high school,fairly unwilling,"no, i have not"
3537,associate/junior college,very willing,"yes, i have"
3544,associate/junior college,very unwilling,"yes, i have"
3545,associate/junior college,neither willing nor unwilling,"no, i have not"
3549,bachelor's,fairly willing,"no, i have not"
3551,graduate,fairly willing,"yes, i have"
3552,high school,very willing,"no, i have not"
3553,less than high school,fairly willing,"no, i have not"
3554,high school,neither willing nor unwilling,"no, i have not"
3559,graduate,neither willing nor unwilling,"yes, i have"
3560,associate/junior college,neither willing nor unwilling,"no, i have not"
3561,bachelor's,very willing,"no, i have not"
3563,high school,fairly willing,"no, i have not"
3566,graduate,very willing,"yes, i have"
3571,graduate,very willing,"no, i have not"
3572,bachelor's,fairly willing,"no, i have not"
3578,graduate,neither willing nor unwilling,"no, i have not"
3579,high school,neither willing nor unwilling,"no, i have not"
3580,bachelor's,neither willing nor unwilling,"no, i have not"
3581,graduate,fairly unwilling,"no, i have not"
3583,high school,fairly willing,"no, i have not"
3591,high school,neither willing nor unwilling,"no, i have not"
3596,high school,neither willing nor unwilling,"no, i have not"
3600,associate/junior college,fairly unwilling,"no, i have not"
3602,less than high school,neither willing nor unwilling,"no, i have not"
3603,bachelor's,fairly willing,"yes, i have"
3604,graduate,fairly unwilling,"no, i have not"
3608,associate/junior college,neither willing nor unwilling,"no, i have not"
3610,high school,fairly willing,"no, i have not"
3612,associate/junior college,fairly unwilling,"no, i have not"
3613,bachelor's,fairly willing,"no, i have not"
3615,high school,fairly willing,"yes, i have"
3616,associate/junior college,fairly willing,"no, i have not"
3618,bachelor's,fairly willing,"yes, i have"
3619,high school,neither willing nor unwilling,"no, i have not"
3623,high school,very willing,"no, i have not"
3626,high school,fairly unwilling,"no, i have not"
3630,associate/junior college,fairly unwilling,"no, i have not"
3632,high school,fairly unwilling,"no, i have not"
3635,bachelor's,fairly unwilling,"yes, i have"
3639,high school,neither willing nor unwilling,"yes, i have"
3641,bachelor's,fairly willing,"no, i have not"
3643,graduate,fairly willing,"yes, i have"
3646,bachelor's,neither willing nor unwilling,"no, i have not"
3649,associate/junior college,neither willing nor unwilling,"no, i have not"
3650,high school,fairly unwilling,"no, i have not"
3651,bachelor's,neither willing nor unwilling,"no, i have not"
3652,bachelor's,fairly unwilling,"no, i have not"
3653,high school,very unwilling,"no, i have not"
3657,bachelor's,fairly unwilling,"no, i have not"
3658,high school,fairly willing,"no, i have not"
3659,bachelor's,fairly willing,"yes, i have"
3664,bachelor's,neither willing nor unwilling,"no, i have not"
3667,graduate,fairly willing,"no, i have not"
3668,bachelor's,fairly unwilling,"no, i have not"
3674,high school,fairly unwilling,"yes, i have"
3677,graduate,fairly willing,"no, i have not"
3678,graduate,fairly willing,"yes, i have"
3679,graduate,fairly willing,"yes, i have"
3680,graduate,neither willing nor unwilling,"no, i have not"
3681,high school,fairly unwilling,"no, i have not"
3686,high school,neither willing nor unwilling,"no, i have not"
3688,bachelor's,fairly willing,"no, i have not"
3691,graduate,fairly willing,"yes, i have"
3692,graduate,very unwilling,"no, i have not"
3694,bachelor's,very willing,"yes, i have"
3696,bachelor's,very unwilling,"no, i have not"
3698,associate/junior college,neither willing nor unwilling,"no, i have not"
3700,high school,very willing,"yes, i have"
3702,associate/junior college,fairly unwilling,"no, i have not"
3703,high school,fairly willing,"no, i have not"
3708,bachelor's,fairly willing,"yes, i have"
3709,associate/junior college,very unwilling,"no, i have not"
3712,bachelor's,fairly willing,"no, i have not"
3721,high school,fairly unwilling,"no, i have not"
3726,less than high school,fairly willing,"no, i have not"
3727,high school,fairly unwilling,"no, i have not"
3728,bachelor's,fairly unwilling,"no, i have not"
3729,high school,neither willing nor unwilling,"no, i have not"
3731,bachelor's,fairly willing,"yes, i have"
3735,bachelor's,fairly unwilling,"no, i have not"
3738,less than high school,neither willing nor unwilling,"no, i have not"
3740,high school,very willing,"yes, i have"
3741,high school,very unwilling,"no, i have not"
3747,graduate,fairly willing,"no, i have not"
3755,high school,neither willing nor unwilling,"no, i have not"
3756,high school,fairly unwilling,"no, i have not"
3757,graduate,fairly unwilling,"no, i have not"
3760,bachelor's,fairly willing,"yes, i have"
3761,less than high school,neither willing nor unwilling,"no, i have not"
3765,bachelor's,fairly willing,"no, i have not"
3766,high school,fairly unwilling,"no, i have not"
3768,graduate,very willing,"yes, i have"
3769,bachelor's,very unwilling,"no, i have not"
3771,bachelor's,fairly willing,"yes, i have"
3777,high school,very unwilling,"yes, i have"
3779,high school,very unwilling,"no, i have not"
3783,bachelor's,very unwilling,"no, i have not"
3788,associate/junior college,fairly unwilling,"yes, i have"
3790,graduate,fairly willing,"no, i have not"
3793,bachelor's,neither willing nor unwilling,"no, i have not"
3795,bachelor's,very unwilling,"no, i have not"
3798,associate/junior college,neither willing nor unwilling,"no, i have not"
3801,high school,neither willing nor unwilling,"no, i have not"
3806,high school,neither willing nor unwilling,"yes, i have"
3809,high school,neither willing nor unwilling,"no, i have not"
3810,graduate,neither willing nor unwilling,"yes, i have"
3812,associate/junior college,very unwilling,"no, i have not"
3813,bachelor's,fairly willing,"no, i have not"
3814,high school,fairly unwilling,"no, i have not"
3819,high school,fairly willing,"no, i have not"
3821,high school,very willing,"yes, i have"
3822,high school,fairly unwilling,"no, i have not"
3824,bachelor's,fairly willing,"no, i have not"
3825,graduate,fairly unwilling,"no, i have not"
3829,high school,neither willing nor unwilling,"yes, i have"
3843,graduate,very willing,"yes, i have"
3844,high school,fairly unwilling,"no, i have not"
3846,high school,very unwilling,"no, i have not"
3848,associate/junior college,fairly unwilling,"no, i have not"
3849,bachelor's,very willing,"no, i have not"
3850,high school,neither willing nor unwilling,"no, i have not"
3852,bachelor's,fairly willing,"no, i have not"
3856,associate/junior college,fairly willing,"yes, i have"
3859,bachelor's,fairly willing,"no, i have not"
3864,bachelor's,neither willing nor unwilling,"no, i have not"
3871,high school,neither willing nor unwilling,"no, i have not"
3874,high school,neither willing nor unwilling,"no, i have not"
3875,graduate,fairly willing,"no, i have not"
3876,graduate,fairly willing,"no, i have not"
3881,high school,very unwilling,"no, i have not"
3892,high school,fairly willing,"no, i have not"
3895,associate/junior college,fairly willing,"no, i have not"
3896,graduate,neither willing nor unwilling,"no, i have not"
3902,associate/junior college,fairly willing,"no, i have not"
3908,high school,very willing,"no, i have not"
3912,bachelor's,fairly unwilling,"yes, i have"
3915,bachelor's,fairly willing,"yes, i have"
3916,graduate,fairly willing,"no, i have not"
3918,bachelor's,fairly unwilling,"no, i have not"
3920,bachelor's,fairly willing,"no, i have not"
3921,bachelor's,fairly willing,"yes, i have"
3924,high school,neither willing nor unwilling,"no, i have not"
3925,graduate,fairly willing,"yes, i have"
3930,bachelor's,neither willing nor unwilling,"no, i have not"
3932,graduate,neither willing nor unwilling,"yes, i have"
3934,graduate,fairly willing,"no, i have not"
3936,bachelor's,fairly unwilling,"no, i have not"
3937,high school,fairly willing,"no, i have not"
3943,bachelor's,fairly willing,"no, i have not"
3945,bachelor's,neither willing nor unwilling,"no, i have not"
3947,graduate,fairly willing,"yes, i have"
3950,graduate,fairly unwilling,"no, i have not"
3952,high school,neither willing nor unwilling,"no, i have not"
3953,graduate,fairly willing,"yes, i have"
3955,high school,fairly willing,"no, i have not"
3956,bachelor's,fairly willing,"yes, i have"
3972,high school,very unwilling,"no, i have not"
3977,high school,fairly willing,"no, i have not"
3978,high school,fairly unwilling,"yes, i have"
3981,high school,neither willing nor unwilling,"no, i have not"
3982,high school,fairly willing,"no, i have not"
3985,high school,fairly unwilling,"no, i have not"
3988,bachelor's,fairly unwilling,"no, i have not"
3992,graduate,fairly willing,"yes, i have"
3996,high school,very willing,"yes, i have"
3997,high school,neither willing nor unwilling,"yes, i have"
4001,high school,very unwilling,"no, i have not"
4003,graduate,fairly unwilling,"no, i have not"
4007,graduate,fairly willing,"yes, i have"
4013,high school,very unwilling,"no, i have not"
4020,bachelor's,fairly willing,"yes, i have"
4021,bachelor's,very unwilling,"no, i have not"
4026,high school,fairly unwilling,"yes, i have"
4031,graduate,very unwilling,"no, i have not"
4038,high school,very unwilling,"no, i have not"
4039,graduate,very unwilling,"no, i have not"
4047,high school,neither willing nor unwilling,"yes, i have"
4049,high school,fairly unwilling,"no, i have not"
4052,bachelor's,neither willing nor unwilling,"yes, i have"
4053,high school,neither willing nor unwilling,"no, i have not"
4055,bachelor's,very unwilling,"no, i have not"
4056,high school,fairly willing,"no, i have not"
4058,graduate,fairly willing,"no, i have not"
4060,graduate,fairly willing,"yes, i have"
4061,high school,neither willing nor unwilling,"no, i have not"
4062,graduate,fairly willing,"no, i have not"
4064,bachelor's,fairly unwilling,"no, i have not"
4069,graduate,fairly unwilling,"no, i have not"
4072,bachelor's,neither willing nor unwilling,"no, i have not"
4078,high school,neither willing nor unwilling,"no, i have not"
4082,associate/junior college,fairly unwilling,"no, i have not"
4083,bachelor's,fairly unwilling,"no, i have not"
4090,bachelor's,fairly willing,"no, i have not"
4093,high school,very unwilling,"no, i have not"
4095,high school,fairly unwilling,"yes, i have"
4097,less than high school,fairly willing,"no, i have not"
4098,bachelor's,very unwilling,"no, i have not"
4101,graduate,fairly willing,"yes, i have"
4108,bachelor's,fairly unwilling,"yes, i have"
4109,bachelor's,fairly unwilling,"yes, i have"
4113,high school,neither willing nor unwilling,"no, i have not"
4114,less than high school,neither willing nor unwilling,"no, i have not"
4116,graduate,fairly willing,"no, i have not"
4117,graduate,neither willing nor unwilling,"no, i have not"
4118,high school,very unwilling,"no, i have not"
4122,graduate,fairly unwilling,"no, i have not"
4128,high school,neither willing nor unwilling,"no, i have not"
4130,graduate,fairly unwilling,"no, i have not"
4135,high school,very unwilling,"no, i have not"
4137,bachelor's,fairly willing,"no, i have not"
4139,bachelor's,fairly unwilling,"no, i have not"
4143,bachelor's,neither willing nor unwilling,"no, i have not"
4145,high school,very unwilling,"no, i have not"
4147,high school,fairly unwilling,"no, i have not"
4148,bachelor's,fairly willing,"yes, i have"
4150,bachelor's,neither willing nor unwilling,"no, i have not"
4154,graduate,fairly unwilling,"yes, i have"
4157,high school,neither willing nor unwilling,"no, i have not"
4159,less than high school,neither willing nor unwilling,"no, i have not"
4160,high school,fairly willing,"no, i have not"
4164,graduate,neither willing nor unwilling,"no, i have not"
4166,bachelor's,fairly willing,"yes, i have"
4169,graduate,very willing,"yes, i have"
4172,bachelor's,fairly willing,"no, i have not"
4173,associate/junior college,neither willing nor unwilling,"no, i have not"
4176,bachelor's,fairly willing,"no, i have not"
4179,high school,fairly unwilling,"yes, i have"
4184,graduate,neither willing nor unwilling,"yes, i have"
4185,graduate,very unwilling,"yes, i have"
4187,bachelor's,fairly willing,"no, i have not"
4190,bachelor's,neither willing nor unwilling,"yes, i have"
4191,graduate,neither willing nor unwilling,"no, i have not"
4193,high school,fairly willing,"no, i have not"
4194,high school,fairly willing,"no, i have not"
4195,high school,fairly unwilling,"no, i have not"
4201,graduate,fairly unwilling,"no, i have not"
4208,bachelor's,very unwilling,"no, i have not"
4211,associate/junior college,neither willing nor unwilling,"no, i have not"
4215,high school,fairly willing,"no, i have not"
4219,high school,neither willing nor unwilling,"no, i have not"
4225,high school,neither willing nor unwilling,"no, i have not"
4228,associate/junior college,fairly unwilling,"yes, i have"
4235,high school,very unwilling,"no, i have not"
4236,bachelor's,very unwilling,"no, i have not"
4237,less than high school,very willing,"no, i have not"
4239,associate/junior college,very willing,"yes, i have"
4240,high school,fairly willing,"no, i have not"
4242,bachelor's,fairly unwilling,"no, i have not"
4244,bachelor's,fairly willing,"yes, i have"
4247,high school,fairly willing,"no, i have not"
4249,graduate,very willing,"yes, i have"
4250,bachelor's,fairly unwilling,"no, i have not"
4252,associate/junior college,neither willing nor unwilling,"no, i have not"
4257,bachelor's,fairly willing,"no, i have not"
4266,bachelor's,fairly willing,"yes, i have"
4267,bachelor's,neither willing nor unwilling,"no, i have not"
4268,graduate,fairly willing,"no, i have not"
4269,high school,fairly willing,"yes, i have"
4270,bachelor's,very willing,"yes, i have"
4271,high school,fairly willing,"no, i have not"
4272,graduate,fairly unwilling,"no, i have not"
4277,high school,neither willing nor unwilling,"no, i have not"
4280,high school,neither willing nor unwilling,"no, i have not"
4283,high school,fairly unwilling,"no, i have not"
4287,bachelor's,fairly willing,"no, i have not"
4288,high school,very unwilling,"no, i have not"
4292,high school,fairly unwilling,"no, i have not"
4293,bachelor's,very unwilling,"no, i have not"
4295,high school,fairly willing,"yes, i have"
4297,bachelor's,very unwilling,"no, i have not"
4301,bachelor's,fairly willing,"no, i have not"
4303,graduate,very willing,"no, i have not"
4304,graduate,very unwilling,"yes, i have"
4308,graduate,fairly willing,"yes, i have"
4309,high school,fairly willing,"no, i have not"
4311,high school,fairly willing,"yes, i have"
4313,high school,very willing,"yes, i have"
4314,bachelor's,fairly willing,"no, i have not"
4315,high school,fairly willing,"no, i have not"
4316,high school,fairly unwilling,"no, i have not"
4319,less than high school,fairly unwilling,"no, i have not"
4321,bachelor's,fairly unwilling,"yes, i have"
4323,bachelor's,fairly unwilling,"no, i have not"
4324,bachelor's,neither willing nor unwilling,"yes, i have"
4326,associate/junior college,very unwilling,"no, i have not"
4328,bachelor's,neither willing nor unwilling,"no, i have not"
4333,less than high school,very unwilling,"no, i have not"
4334,bachelor's,neither willing nor unwilling,"no, i have not"
4338,bachelor's,very willing,"no, i have not"
4341,graduate,neither willing nor unwilling,"no, i have not"
4345,bachelor's,fairly unwilling,"no, i have not"
4346,associate/junior college,neither willing nor unwilling,"no, i have not"
4347,graduate,fairly willing,"no, i have not"
4348,high school,neither willing nor unwilling,"no, i have not"
4351,bachelor's,fairly willing,"no, i have not"
4352,bachelor's,fairly unwilling,"no, i have not"
4353,graduate,fairly unwilling,"no, i have not"
4354,graduate,fairly willing,"no, i have not"
4355,high school,very unwilling,"no, i have not"
4360,bachelor's,very unwilling,"no, i have not"
4367,high school,fairly unwilling,"no, i have not"
4368,associate/junior college,fairly unwilling,"no, i have not"
4369,bachelor's,fairly willing,"no, i have not"
4370,high school,very unwilling,"no, i have not"
4373,high school,neither willing nor unwilling,"no, i have not"
4378,bachelor's,neither willing nor unwilling,"yes, i have"
4382,less than high school,neither willing nor unwilling,"no, i have not"
4389,high school,very unwilling,"no, i have not"
4390,graduate,fairly willing,"no, i have not"
4393,bachelor's,neither willing nor unwilling,"no, i have not"
4395,graduate,very willing,"yes, i have"
4396,bachelor's,very unwilling,"no, i have not"
4399,high school,very unwilling,"no, i have not"
4402,graduate,neither willing nor unwilling,"no, i have not"
4407,high school,fairly willing,"yes, i have"
4411,bachelor's,very willing,"yes, i have"
4414,high school,fairly unwilling,"no, i have not"
4416,associate/junior college,fairly willing,"no, i have not"
4419,bachelor's,fairly willing,"no, i have not"
4428,bachelor's,very unwilling,"no, i have not"
4429,bachelor's,very unwilling,"no, i have not"
4432,bachelor's,fairly willing,"no, i have not"
4437,associate/junior college,fairly unwilling,"no, i have not"
4439,high school,fairly willing,"no, i have not"
4441,high school,fairly willing,"no, i have not"
4442,high school,fairly unwilling,"no, i have not"
4443,graduate,fairly willing,"no, i have not"
4445,graduate,very willing,"yes, i have"
4450,associate/junior college,neither willing nor unwilling,"no, i have not"
4455,high school,neither willing nor unwilling,"no, i have not"
4456,high school,neither willing nor unwilling,"no, i have not"
4457,graduate,fairly willing,"no, i have not"
4458,bachelor's,fairly willing,"no, i have not"
4459,bachelor's,fairly willing,"no, i have not"
4460,high school,neither willing nor unwilling,"no, i have not"
4462,associate/junior college,fairly willing,"no, i have not"
4463,bachelor's,neither willing nor unwilling,"yes, i have"
4467,high school,neither willing nor unwilling,"no, i have not"
4468,bachelor's,fairly unwilling,"no, i have not"
4470,graduate,fairly willing,"no, i have not"
